{
  "camera_matrix": {
    "fx": 539.7558977782895,
    "fy": 539.7311940678585,
    "cx": 539.2742598887039,
    "cy": 539.3452133395208,
    "raw": [
      [
        539.7558977782895,
        0.0,
        539.2742598887039
      ],
      [
        0.0,
        539.7311940678585,
        539.3452133395208
      ],
      [
        0.0,
        0.0,
        1.0
      ]
    ]
  },
  "distortion_coefficients": [
    -0.00048307769394239215,
    0.002140290483855783,
    -1.4269877831178173e-05,
    -0.0001254847606150198,
    -0.0026751586917171657
  ],
  "image_size": [
    1080,
    1080
  ],
  "reprojection_error": 0.010049535926047522,
  "field_of_view": {
    "horizontal": 90.02590590496295,
    "vertical": 90.02852829516497
  },
  "corner_coordinates": {
    "A.png": [
      [
        733.60595703125,
        710.9271240234375
      ],
      [
        669.2591552734375,
        711.1477661132812
      ],
      [
        604.9061889648438,
        711.4661254882812
      ],
      [
        540.60888671875,
        711.6109008789062
      ],
      [
        476.3127746582031,
        711.9129028320312
      ],
      [
        412.17327880859375,
        712.1898803710938
      ],
      [
        347.91583251953125,
        712.4486083984375
      ],
      [
        744.8873901367188,
        661.28564453125
      ],
      [
        676.639404296875,
        661.5626831054688
      ],
      [
        608.4752807617188,
        661.844970703125
      ],
      [
        540.299072265625,
        662.2078857421875
      ],
      [
        472.1657409667969,
        662.4270629882812
      ],
      [
        404.0013122558594,
        662.7454223632812
      ],
      [
        336.1114196777344,
        663.0194702148438
      ],
      [
        757.6703491210938,
        605.3953247070312
      ],
      [
        685.0418701171875,
        605.63916015625
      ],
      [
        612.4505004882812,
        605.9973754882812
      ],
      [
        540.026123046875,
        606.2819213867188
      ],
      [
        467.47796630859375,
        606.6353759765625
      ],
      [
        395.0527648925781,
        607.0
      ],
      [
        322.56390380859375,
        607.3568725585938
      ],
      [
        772.2478637695312,
        541.6773071289062
      ],
      [
        694.6259765625,
        542.0906982421875
      ],
      [
        617.0054321289062,
        542.4639892578125
      ],
      [
        539.5360107421875,
        542.8244018554688
      ],
      [
        462.06378173828125,
        543.1705932617188
      ],
      [
        384.6555480957031,
        543.5914916992188
      ],
      [
        307.3423156738281,
        543.9136962890625
      ],
      [
        788.8277587890625,
        468.6900329589844
      ],
      [
        705.4645385742188,
        469.1090087890625
      ],
      [
        622.246337890625,
        469.5521545410156
      ],
      [
        539.0894775390625,
        469.9820251464844
      ],
      [
        455.8821716308594,
        470.4959716796875
      ],
      [
        372.8813171386719,
        470.8099670410156
      ],
      [
        289.7560119628906,
        471.28594970703125
      ],
      [
        808.2538452148438,
        384.06915283203125
      ],
      [
        718.1905517578125,
        384.542236328125
      ],
      [
        628.3539428710938,
        385.1158447265625
      ],
      [
        538.443603515625,
        385.55743408203125
      ],
      [
        448.72515869140625,
        386.0166015625
      ],
      [
        359.07183837890625,
        386.58270263671875
      ],
      [
        269.5174865722656,
        387.1198425292969
      ],
      [
        830.762451171875,
        284.7485656738281
      ],
      [
        733.0516357421875,
        285.40484619140625
      ],
      [
        635.37451171875,
        285.9774169921875
      ],
      [
        537.8037719726562,
        286.5567932128906
      ],
      [
        440.3589782714844,
        287.2989807128906
      ],
      [
        343.0797119140625,
        287.8476867675781
      ],
      [
        245.66592407226562,
        288.5103454589844
      ]
    ],
    "B.png": [
      [
        262.4599609375,
        251.79205322265625
      ],
      [
        363.3437805175781,
        275.52801513671875
      ],
      [
        448.3282165527344,
        295.6806640625
      ],
      [
        521.3316650390625,
        312.81689453125
      ],
      [
        584.1972045898438,
        327.74237060546875
      ],
      [
        639.3546752929688,
        340.712158203125
      ],
      [
        687.6688232421875,
        352.0974426269531
      ],
      [
        263.246337890625,
        349.7906494140625
      ],
      [
        363.8179931640625,
        365.48382568359375
      ],
      [
        448.9035339355469,
        378.3754577636719
      ],
      [
        521.6124877929688,
        389.72198486328125
      ],
      [
        584.6836547851562,
        399.4090881347656
      ],
      [
        639.6002197265625,
        407.80364990234375
      ],
      [
        688.1668701171875,
        415.31878662109375
      ],
      [
        263.7221374511719,
        447.93536376953125
      ],
      [
        364.48883056640625,
        455.2416076660156
      ],
      [
        449.47711181640625,
        461.34576416015625
      ],
      [
        522.2606201171875,
        466.486328125
      ],
      [
        585.043701171875,
        471.1941223144531
      ],
      [
        640.110595703125,
        475.0001525878906
      ],
      [
        688.4678344726562,
        478.4998474121094
      ],
      [
        264.42462158203125,
        546.119873046875
      ],
      [
        364.9593811035156,
        545.0682983398438
      ],
      [
        450.0346374511719,
        544.1896362304688
      ],
      [
        522.6387939453125,
        543.4347534179688
      ],
      [
        585.6160278320312,
        542.7158203125
      ],
      [
        640.47216796875,
        542.2139892578125
      ],
      [
        688.9462890625,
        541.5923461914062
      ],
      [
        265.06146240234375,
        644.2383422851562
      ],
      [
        365.63800048828125,
        634.7901611328125
      ],
      [
        450.5119934082031,
        627.02197265625
      ],
      [
        523.2183227539062,
        620.2174072265625
      ],
      [
        586.031494140625,
        614.4622192382812
      ],
      [
        640.9598999023438,
        609.3173217773438
      ],
      [
        689.369384765625,
        604.8324584960938
      ],
      [
        265.7271423339844,
        742.3139038085938
      ],
      [
        366.1535949707031,
        724.7764892578125
      ],
      [
        451.095458984375,
        709.8251953125
      ],
      [
        523.7320556640625,
        697.14013671875
      ],
      [
        586.5503540039062,
        686.1077880859375
      ],
      [
        641.4326171875,
        676.4476318359375
      ],
      [
        689.7789916992188,
        667.9345092773438
      ],
      [
        266.2121887207031,
        840.5035400390625
      ],
      [
        366.76214599609375,
        814.5684204101562
      ],
      [
        451.68780517578125,
        792.6300048828125
      ],
      [
        524.256591796875,
        773.88623046875
      ],
      [
        586.9508056640625,
        757.8281860351562
      ],
      [
        641.8453979492188,
        743.6221923828125
      ],
      [
        690.2311401367188,
        731.2241821289062
      ]
    ],